Term,Definition,Domain
"Confidentiality","Ensuring information is not disclosed to unauthorised individuals, processes or devices","D1 Security Principles"
"Integrity","Ensuring information is not modified or destroyed in an unauthorised or undetected manner","D1 Security Principles"
"Availability","Ensuring authorised users have timely and reliable access to information and systems","D1 Security Principles"
"Disclosure","Information seen by someone unauthorised. The failure of confidentiality","D1 Security Principles"
"Alteration","Information changed without authorisation. The failure of integrity","D1 Security Principles"
"Destruction","Information or access lost. The failure of availability","D1 Security Principles"
"DAD triad","Disclosure, Alteration, Destruction — the mirror image of CIA","D1 Security Principles"
"Sensitivity","How much harm disclosure would cause. Drives confidentiality","D1 Security Principles"
"Criticality","How badly the organisation is hurt if it is unavailable. Drives availability","D1 Security Principles"
"Authenticity","Information is genuine and from the claimed source","D1 Security Principles"
"Identification","Claiming an identity. Unverified — a username, a badge presented","D1 Security Principles"
"Authentication","Proving the claimed identity with one or more factors","D1 Security Principles"
"Authorisation","Granting or denying a proven identity the right to access a resource","D1 Security Principles"
"Accounting","Recording what an authenticated identity did. Also called auditing","D1 Security Principles"
"Accountability","Being able to trace an action to a specific individual and hold them responsible","D1 Security Principles"
"Factor","A category of proof: knowledge, possession, or inherence","D1 Security Principles"
"Something you know","A knowledge factor — password, PIN, passphrase, security question","D1 Security Principles"
"Something you have","A possession factor — token, smart card, phone, certificate","D1 Security Principles"
"Something you are","An inherence factor — fingerprint, iris, face, voice","D1 Security Principles"
"MFA","Authentication using credentials from two or more different factors","D1 Security Principles"
"Biometrics","Authentication using a measurable physical or behavioural characteristic","D1 Security Principles"
"FAR — False Acceptance Rate","How often an impostor is wrongly accepted. The security risk","D1 Security Principles"
"FRR — False Rejection Rate","How often a legitimate user is wrongly rejected. The usability cost","D1 Security Principles"
"CER — Crossover Error Rate","The point where FAR and FRR are equal. Lower is better","D1 Security Principles"
"OTP","One-time password, valid for a single use or short window","D1 Security Principles"
"Permission","A right over a specific resource — read, write, execute","D1 Security Principles"
"Privilege","A system-level right, such as installing software","D1 Security Principles"
"Least privilege","Granting only the access a role requires, and no more","D1 Security Principles"
"Privilege creep","Access accumulating as someone changes roles. An administrative failure","D1 Security Principles"
"Audit trail","The chronological record produced by accounting","D1 Security Principles"
"Repudiation","Denying having performed an action","D1 Security Principles"
"Non-repudiation","Assurance that someone cannot successfully deny having performed an action. Not part of the CIA triad","D1 Security Principles"
"Digital signature","A value created with the signer's private key, proving origin and integrity","D1 Security Principles"
"Private key","Held by exactly one party, never shared. Signs and decrypts","D1 Security Principles"
"Public key","Distributed freely. Verifies and encrypts","D1 Security Principles"
"Certificate","A document binding a public key to a verified identity","D1 Security Principles"
"Privacy","The right of an individual to control collection, use and disclosure of information about them","D1 Security Principles"
"PII","Information identifying a specific individual, alone or in combination","D1 Security Principles"
"PHI","Health information tied to an identifiable individual","D1 Security Principles"
"Data subject","The living person the data is about","D1 Security Principles"
"Data owner","Accountable for a data set — classification and access. A business role","D1 Security Principles"
"Data custodian","Implements protection day to day — storage, backups, access. Usually IT","D1 Security Principles"
"Data controller","Decides why and how personal data is processed","D1 Security Principles"
"Data processor","Processes personal data on the controller's instructions","D1 Security Principles"
"Consent","The data subject's permission for a stated use","D1 Security Principles"
"Data minimisation","Collecting only what is necessary for the stated purpose","D1 Security Principles"
"Purpose limitation","Using data only for the purpose it was collected for","D1 Security Principles"
"Anonymisation","Identifiers removed irreversibly. No longer personal data","D1 Security Principles"
"Pseudonymisation","Identifiers replaced by a reversible token. Still personal data","D1 Security Principles"
"GDPR","EU personal data regulation. 72-hour breach notification. Applies by whose data, not company location","D1 Security Principles"
"HIPAA","US protected health information","D1 Security Principles"
"PCI DSS","Cardholder data. An industry standard enforced by contract, not a law","D1 Security Principles"
"SOX","US financial reporting integrity for public companies","D1 Security Principles"
"Asset","Anything of value worth protecting — data, systems, facilities, people, reputation","D1 Security Principles"
"Threat","Any circumstance or event with the potential to cause harm","D1 Security Principles"
"Threat actor","The entity that carries out a threat","D1 Security Principles"
"Threat vector","The path or route a threat uses to reach the asset","D1 Security Principles"
"Vulnerability","A weakness that a threat could exploit","D1 Security Principles"
"Exploit","The act or tool that takes advantage of a vulnerability","D1 Security Principles"
"Risk","The likelihood that a threat exploits a vulnerability, combined with the impact","D1 Security Principles"
"Likelihood","How probable it is that the event occurs","D1 Security Principles"
"Impact","How much harm results if it does occur","D1 Security Principles"
"Inherent risk","The risk before any controls are applied","D1 Security Principles"
"Residual risk","The risk remaining after controls. Never zero","D1 Security Principles"
"Risk tolerance","How much risk the organisation will accept. Set by senior management","D1 Security Principles"
"Risk appetite","The broad, strategic amount of risk pursued to meet objectives","D1 Security Principles"
"Risk register","The record of each risk, its assessment, owner and treatment","D1 Security Principles"
"Risk owner","The named person accountable for a specific risk","D1 Security Principles"
"Risk assessment","Identifying risks and determining their likelihood and impact","D1 Security Principles"
"Qualitative assessment","Rating risk in descriptive categories. Subjective, fast, no data needed","D1 Security Principles"
"Quantitative assessment","Rating risk in numbers, usually money. Objective, slow, data-hungry","D1 Security Principles"
"AV — Asset Value","What the asset is worth, in money","D1 Security Principles"
"EF — Exposure Factor","The percentage of asset value lost in a single incident","D1 Security Principles"
"SLE — Single Loss Expectancy","Money lost in one occurrence. SLE = AV × EF","D1 Security Principles"
"ARO — Annual Rate of Occurrence","How many times per year. Once in 10 years = 0.1","D1 Security Principles"
"ALE — Annualised Loss Expectancy","Expected loss per year. ALE = SLE × ARO","D1 Security Principles"
"Risk matrix","A grid of likelihood against impact, used in qualitative assessment","D1 Security Principles"
"Risk treatment","The decision about what to do with an assessed risk","D1 Security Principles"
"Risk acceptance","Knowingly bearing the risk. Informed and documented","D1 Security Principles"
"Risk avoidance","Stopping the activity that creates the risk. The only treatment reaching zero","D1 Security Principles"
"Risk mitigation","Applying controls to reduce likelihood or impact. Activity continues","D1 Security Principles"
"Risk transfer","Shifting the financial consequence to a third party. Insurance or contract","D1 Security Principles"
"Control","A safeguard or countermeasure that reduces risk","D1 Security Principles"
"Technical control","Implemented in hardware, software or firmware. Also logical","D1 Security Principles"
"Administrative control","Implemented through policy, procedure and people. Also managerial","D1 Security Principles"
"Physical control","Tangible protection of facilities, equipment and people","D1 Security Principles"
"Preventive","Stops an incident before it happens","D1 Security Principles"
"Detective","Identifies that an incident happened or is happening","D1 Security Principles"
"Corrective","Restores or repairs after an incident. Backups are corrective","D1 Security Principles"
"Deterrent","Discourages the attempt. Acts on the mind","D1 Security Principles"
"Compensating","An alternative where the primary control is not feasible","D1 Security Principles"
"Directive","Instructs or mandates required behaviour","D1 Security Principles"
"Defence in depth","Layering multiple independent controls so no single failure is fatal","D1 Security Principles"
"Policy","High-level statement of management intent. Mandatory. Approved by senior management","D1 Security Principles"
"Standard","A specific, uniform, mandatory requirement. If it has a number in it, it's a standard","D1 Security Principles"
"Procedure","Detailed step-by-step instructions. Mandatory","D1 Security Principles"
"Guideline","Recommended, non-mandatory advice. The only optional document","D1 Security Principles"
"Baseline","The minimum acceptable level of security for a class of system","D1 Security Principles"
"Regulation","A rule imposed externally, enforceable by law","D1 Security Principles"
"Framework","A structured set of practices an organisation can adopt — ISO 27001, NIST CSF","D1 Security Principles"
"Due diligence","Investigating and understanding the risks. The research","D1 Security Principles"
"Due care","Doing what a reasonable person would do about them. The action","D1 Security Principles"
"Canon 1","Protect society, the common good, necessary public trust and confidence, and the infrastructure","D1 Security Principles"
"Canon 2","Act honourably, honestly, justly, responsibly, and legally","D1 Security Principles"
"Canon 3","Provide diligent and competent service to principals","D1 Security Principles"
"Canon 4","Advance and protect the profession","D1 Security Principles"
"Principal","The person or organisation you serve — employer or client","D1 Security Principles"
"Canon priority","The order IS the ranking. Lower number wins: public → legal → employer → profession","D1 Security Principles"
"Event","Any observable occurrence in a system or network. Neutral — most are routine","D2 BC DR IR"
"Alert","A notification that an event may require attention. A claim, not a fact","D2 BC DR IR"
"Adverse event","An event with a negative consequence","D2 BC DR IR"
"Incident","An event that actually or potentially jeopardises C, I or A, or violates policy","D2 BC DR IR"
"Breach","An incident in which protected data was actually accessed, disclosed or taken","D2 BC DR IR"
"Intrusion","Unauthorised access to a system","D2 BC DR IR"
"Compromise","A system or account under unauthorised control","D2 BC DR IR"
"Near miss","A genuine threat that was prevented or failed, still worth learning from","D2 BC DR IR"
"False positive","An alert for something that was not a problem","D2 BC DR IR"
"Triage","Assessing and prioritising alerts and incidents","D2 BC DR IR"
"Escalation","Raising an incident to higher authority or expertise","D2 BC DR IR"
"Incident response plan (IRP)","The documented process for handling incidents","D2 BC DR IR"
"CSIRT / CIRT","Computer Security Incident Response Team","D2 BC DR IR"
"Playbook","A procedure for one specific incident type","D2 BC DR IR"
"Phase 1 · Preparation","Everything before an incident: plan, team, tools, training, exercises","D2 BC DR IR"
"Phase 2 · Detection and analysis","Identifying that an incident is occurring and determining its nature","D2 BC DR IR"
"Phase 3 · Containment","Limiting the damage and stopping the spread","D2 BC DR IR"
"Phase 4 · Eradication","Removing the cause — malware, attacker access, the vulnerability","D2 BC DR IR"
"Phase 5 · Recovery","Restoring systems to normal and verifying they are clean","D2 BC DR IR"
"Phase 6 · Post-incident activity","The lessons-learned review. Blameless. Feeds back into preparation","D2 BC DR IR"
"Short-term containment","Immediate action — isolate a host, block an address, disable an account","D2 BC DR IR"
"Long-term containment","Temporary fixes allowing business to continue while a proper fix is prepared","D2 BC DR IR"
"The first action","Follow the documented plan and notify. Containment is a phase, not a first move","D2 BC DR IR"
"Chain of custody","An unbroken documented record of who handled evidence, when, and why","D2 BC DR IR"
"Order of volatility","Collect the most perishable evidence first — memory before disk","D2 BC DR IR"
"Working copy","Analyse a copy; preserve the original untouched","D2 BC DR IR"
"BIA","Identifying critical functions and the impact of losing them. Comes first","D2 BC DR IR"
"Critical business function","A function the organisation cannot operate without for long","D2 BC DR IR"
"Impact","The harm from a disruption — financial, operational, reputational, legal, safety","D2 BC DR IR"
"Dependency","Something a function relies on — a system, supplier, person, or facility","D2 BC DR IR"
"Single point of failure","A dependency whose loss stops the function entirely","D2 BC DR IR"
"BIA vs risk assessment","BIA asks ""what if it stops"" (cause-agnostic). Risk assessment asks ""what could happen"" (threats and likelihood)","D2 BC DR IR"
"BIA outputs","Critical functions, impact over time, RTO and RPO, dependencies","D2 BC DR IR"
"RTO — Recovery Time Objective","The target time to restore a function. Looks forward","D2 BC DR IR"
"RPO — Recovery Point Objective","The maximum acceptable data loss, as a period. Looks backward","D2 BC DR IR"
"MTD — Maximum Tolerable Downtime","The longest a function can be down before unacceptable harm","D2 BC DR IR"
"WRT — Work Recovery Time","Time after systems are back to catch the work up","D2 BC DR IR"
"The constraint","RTO ≤ MTD. And RTO + WRT must fit inside MTD","D2 BC DR IR"
"RPO's determinant","Backup frequency. Nightly backups → RPO of up to 24 hours","D2 BC DR IR"
"MTBF — Mean Time Between Failures","Average operating time between failures. A reliability measure. Hardware, not a recovery objective","D2 BC DR IR"
"MTTR — Mean Time To Repair","Average time to fix a failed component. A maintainability measure","D2 BC DR IR"
"Business continuity (BC)","Keeping critical functions operating DURING a disruption","D2 BC DR IR"
"BCP","The documented business continuity plan","D2 BC DR IR"
"Disaster recovery (DR)","Restoring normal operations AFTER. A subset of BC","D2 BC DR IR"
"Scope difference","BC covers the whole business — people, process, premises, suppliers. DR is mainly IT","D2 BC DR IR"
"Manual workaround","Carrying out a process without the usual systems. A continuity measure","D2 BC DR IR"
"Alternate site","Another location from which work can continue","D2 BC DR IR"
"Succession planning","Ensuring key roles can be filled if a person is unavailable. A continuity control","D2 BC DR IR"
"Crisis management","The wider organisational response — decisions, communications, stakeholders","D2 BC DR IR"
"Communications plan","Who is told what, by whom, through which channel. One authorised spokesperson","D2 BC DR IR"
"Activation criteria","Who decides the plan is invoked, and on what basis","D2 BC DR IR"
"Resilience","The ability to absorb disruption and keep functioning","D2 BC DR IR"
"The first priority","Human safety. Evacuation and accounting for staff, before assets or data","D2 BC DR IR"
"DRP","The documented disaster recovery plan","D2 BC DR IR"
"Cold site","Space, power, cooling, connectivity. No equipment, no data. Weeks. Cheapest","D2 BC DR IR"
"Warm site","Space and equipment; data restored when needed. Hours to days","D2 BC DR IR"
"Hot site","Fully equipped, data current. Minutes to hours","D2 BC DR IR"
"Mirrored site","A full duplicate running in parallel. Near instant. Dearest","D2 BC DR IR"
"Reciprocal agreement","Using another organisation's facilities. Cheap and unreliable","D2 BC DR IR"
"Site selection rule","Match the site type to the RTO","D2 BC DR IR"
"Full backup","Everything, every time. Slow backup, fast restore — one set needed","D2 BC DR IR"
"Incremental backup","Changed since the last backup of any kind. Fast backup, slow restore — need them all","D2 BC DR IR"
"Differential backup","Changed since the last full. Medium backup, fast restore — need only the latest","D2 BC DR IR"
"3-2-1 rule","Three copies, two media types, one off-site","D2 BC DR IR"
"Read-through / checklist test","Individuals review the plan on paper. No disruption","D2 BC DR IR"
"Walkthrough / tabletop","The team talks through a scenario together","D2 BC DR IR"
"Simulation","The scenario is acted out; production untouched","D2 BC DR IR"
"Parallel test","Recovery systems brought up while production keeps running","D2 BC DR IR"
"Full interruption test","Production switched off; run from recovery. Most rigorous, most risky","D2 BC DR IR"
"Backup verification","Test-restore them. A successful job report proves nothing","D2 BC DR IR"
"Subject","The active entity requesting access — user, process, device","D3 Access Control"
"Object","The passive entity being accessed — file, database, room, record","D3 Access Control"
"Rule","The logic deciding whether access is permitted","D3 Access Control"
"Access control","The selective restriction of access to a resource","D3 Access Control"
"Permission","A right over a specific object — read, write, execute, delete","D3 Access Control"
"Privilege","A system-level right, such as installing software","D3 Access Control"
"Entitlement","The total set of access rights a subject holds","D3 Access Control"
"ACL","A list attached to the object: ""who may access me""","D3 Access Control"
"Capability list","A list attached to the subject: ""what may I access""","D3 Access Control"
"Access control matrix","A grid of subjects against objects. A row is a capability list; a column is an ACL","D3 Access Control"
"Reference monitor","The component mediating every access request","D3 Access Control"
"Reference monitor properties","Always invoked · tamper-proof · small enough to verify","D3 Access Control"
"Default deny","Denying anything not explicitly permitted. Nearly always the right answer","D3 Access Control"
"Default allow","Blocking only what is known bad. The weaker model","D3 Access Control"
"Perimeter","The outermost physical boundary of a site","D3 Access Control"
"The rings","Perimeter → Building → Floor/Zone → Room → Cabinet","D3 Access Control"
"Bollard","A short post preventing vehicles reaching a building. Preventive","D3 Access Control"
"Mantrap / access control vestibule","Two interlocking doors, one opens at a time. The answer to tailgating","D3 Access Control"
"Turnstile","A barrier permitting one person through at a time","D3 Access Control"
"Badge / access card","A credential presented to a reader. A possession factor","D3 Access Control"
"Proximity card","A badge read wirelessly at short range","D3 Access Control"
"CCTV","Camera surveillance. Detective, and deterrent if visible. Prevents nothing","D3 Access Control"
"Motion sensor","Detects movement in a monitored area. Detective","D3 Access Control"
"Lighting / signage","Deterrent only","D3 Access Control"
"Security guard","A human control. Preventive, deterrent and detective — and capable of judgement","D3 Access Control"
"Fail-safe","On failure the door UNLOCKS. Protects PEOPLE. For occupied spaces","D3 Access Control"
"Fail-secure","On failure the door LOCKS. Protects ASSETS. For unoccupied high-value spaces","D3 Access Control"
"Tailgating","Following an authorised person through a door without their knowledge","D3 Access Control"
"Piggybacking","The same, with their consent. Piggybacking has permission","D3 Access Control"
"Clean desk policy","Sensitive material secured when unattended. The physical session timeout","D3 Access Control"
"HVAC","Heating, ventilation, air conditioning. An availability control","D3 Access Control"
"UPS","Uninterruptible power supply. Short power interruptions","D3 Access Control"
"Fire suppression","Corrective. Data centres use gas-based, not water","D3 Access Control"
"Faraday cage","Shielding that blocks electromagnetic emissions","D3 Access Control"
"Logical control","Implemented in software, hardware or firmware. Same as technical","D3 Access Control"
"The test","Could you touch it? Touchable = physical. Configured = logical","D3 Access Control"
"Account lockout","Disabling an account after repeated failures. Defeats brute force","D3 Access Control"
"Session timeout","Ending an idle session. Stops an unattended open session being used","D3 Access Control"
"Concurrent session limit","Preventing one credential being used in several places at once","D3 Access Control"
"Time-of-day restriction","Permitting access only during defined hours","D3 Access Control"
"Location restriction","Permitting access only from approved networks or places","D3 Access Control"
"Constrained interface","Hiding or disabling functions the user may not use. Not an access control on its own","D3 Access Control"
"Database view","Showing a user only the rows and columns they may see","D3 Access Control"
"Audit logging","Recording what identities did. Detective","D3 Access Control"
"Access review","Periodically confirming held access is still appropriate. DETECTIVE","D3 Access Control"
"DAC — Discretionary","The resource OWNER decides, at their discretion. Most flexible, least secure","D3 Access Control"
"DAC tell","""The file's owner chose who could see it."" Ordinary file permissions","D3 Access Control"
"MAC — Mandatory","The SYSTEM decides from labels and clearances. The owner cannot override. Most secure","D3 Access Control"
"MAC tell","""Classified"" · ""clearance"" · ""cannot grant an exception""","D3 Access Control"
"RBAC — Role-Based","Access via the ROLE — a job function. Most common in business","D3 Access Control"
"RBAC tell","""Because of her job function."" Risk: role explosion","D3 Access Control"
"ABAC — Attribute-Based","Decided from multiple ATTRIBUTES at request time. Most granular, most complex","D3 Access Control"
"ABAC tell","Several different conditions together — role AND device AND time AND location","D3 Access Control"
"Rule-based access control","System-wide rules regardless of who you are — e.g. firewall rules","D3 Access Control"
"Security label","A classification attached to an object — Confidential, Secret, Top Secret","D3 Access Control"
"Clearance","The level a subject is authorised for. Not sufficient alone — need to know applies too","D3 Access Control"
"Role explosion","Roles proliferating until there are nearly as many roles as users","D3 Access Control"
"Security ranking","MAC highest → DAC lowest. Flexibility runs the other way","D3 Access Control"
"Least privilege","Only the access the role requires. Limits how much one person can do","D3 Access Control"
"Need to know","Only the information required for the task. What you can see","D3 Access Control"
"Segregation of duties (SoD)","No one person can complete a sensitive process alone","D3 Access Control"
"The classic split","Requester ≠ approver ≠ executor ≠ reconciler","D3 Access Control"
"Collusion","Two or more people cooperating to defeat SoD. What SoD requires to be beaten","D3 Access Control"
"Dual control","Two people for the SAME single action — two keys turned together","D3 Access Control"
"Job rotation","Periodically moving staff between roles. A security control","D3 Access Control"
"Mandatory vacation","Requiring leave so someone else performs the duties. Exposes concealed fraud","D3 Access Control"
"Excessive privilege","Holding more access than the role requires","D3 Access Control"
"Entitlement review","Confirming held access is still appropriate","D3 Access Control"
"Privileged account","Can change the system itself — including disabling the logs","D3 Access Control"
"Standing privilege","Privileged rights held permanently. The weakness","D3 Access Control"
"Just-in-time (JIT) access","Privilege granted only when needed, then removed. The expected answer","D3 Access Control"
"PAM","Privileged Access Management — the discipline and tooling","D3 Access Control"
"Credential vault","A secure store from which privileged credentials are checked out, logged","D3 Access Control"
"Session recording","Capturing what was done during a privileged session","D3 Access Control"
"Break-glass account","An emergency high-privilege account. Use triggers an alert, documented after","D3 Access Control"
"Service account","A non-human account used by an application. Scope, rotate, deny interactive logon","D3 Access Control"
"Separate admin account","Admins do email and browsing on an ordinary account. Most-examined control here","D3 Access Control"
"Log placement","Privileged activity logged where administrators cannot edit it","D3 Access Control"
"Privilege escalation","An attacker gaining rights never granted","D3 Access Control"
"Provisioning","Creating an identity and granting its initial access","D3 Access Control"
"Deprovisioning","Removing access and disabling the identity","D3 Access Control"
"Joiner, mover, leaver (JML)","The three lifecycle stages. Mover is the one that fails","D3 Access Control"
"The mover failure","New access granted, old access never revoked → privilege creep","D3 Access Control"
"Orphaned account","Active with no valid owner — a leaver never disabled","D3 Access Control"
"Dormant account","Has an owner, unused for an extended period","D3 Access Control"
"Authoritative source","The system of record for who works here — usually HR","D3 Access Control"
"Hostile departure","Access removed before or during notification","D3 Access Control"
"Disable vs delete","Disable first — deletion destroys audit trail and data ownership","D3 Access Control"
"Access review performer","The manager or data owner — not IT, not the user","D3 Access Control"
"Defence in depth","Layering multiple independent controls so no single failure is fatal","D3 Access Control"
"Layered security","The same thing, used interchangeably","D3 Access Control"
"Independent layers","Controls that do not share a common failure cause","D3 Access Control"
"Common mode failure","One cause defeating several controls at once","D3 Access Control"
"Diversity of defence","Different kinds of control, not more of the same","D3 Access Control"
"Redundancy","Duplicating a component so failure does not stop the function","D3 Access Control"
"The test for independence","What single event defeats more than one layer?","D3 Access Control"
"Classic violation","A strong perimeter with a flat internal network","D3 Access Control"
"The address rule","MAC → 2. IP → 3. Port → 4. The address tells you the layer","D4 Network Security"
"ARP's layer","Layer 2. Most-missed placement — it resolves IP to MAC locally","D4 Network Security"
"TLS's layer","Layer 6, Presentation, on this exam","D4 Network Security"
"PDU chain going down","Data → Segment → Packet → Frame → Bits","D4 Network Security"
"Encapsulation","Each layer wrapping the layer above with its own header","D4 Network Security"
"TCP/IP model","4 layers: Application (7+6+5), Transport (4), Internet (3), Network Access (2+1)","D4 Network Security"
"The naming trap","OSI layer 3 is Network; the TCP/IP equivalent is Internet","D4 Network Security"
"PAN","Personal Area Network — around one person. Bluetooth","D4 Network Security"
"LAN","Local Area Network — one building or office","D4 Network Security"
"MAN","Metropolitan Area Network — a city or campus","D4 Network Security"
"WAN","Wide Area Network — large geographic area. The internet is the largest","D4 Network Security"
"Intranet","The organisation's private internal network","D4 Network Security"
"Extranet","Controlled extension to named external parties — partners, suppliers","D4 Network Security"
"Hub","Layer 1. Floods every frame to every port → eavesdropping risk. Obsolete","D4 Network Security"
"Switch","Layer 2. Forwards by MAC, only to the right port. Within a network","D4 Network Security"
"Router","Layer 3. Forwards by IP. Between networks","D4 Network Security"
"Bridge","Connects two segments. An early, simpler switch","D4 Network Security"
"Access point","Provides wireless connection into a wired network","D4 Network Security"
"Gateway","Connects networks using different protocols; translates","D4 Network Security"
"Bus topology","One shared cable. One break kills the whole network","D4 Network Security"
"Star topology","All devices to a central point. Most common. Central single point of failure","D4 Network Security"
"Ring topology","Each device to two neighbours, forming a loop","D4 Network Security"
"Mesh topology","Multiple interconnections. Most resilient, most expensive","D4 Network Security"
"Bandwidth","How much data a link can carry","D4 Network Security"
"Latency","How long data takes to arrive","D4 Network Security"
"TCP","Connection-oriented, reliable, acknowledged, retransmits, ordered. Slower","D4 Network Security"
"UDP","Connectionless, unreliable, no acknowledgement, no ordering. Faster","D4 Network Security"
"Three-way handshake","SYN → SYN-ACK → ACK","D4 Network Security"
"TCP uses","Web, email, file transfer — anything that must arrive intact","D4 Network Security"
"UDP uses","Streaming, voice, video, DNS queries, gaming","D4 Network Security"
"IPv4","32-bit, four dotted decimal octets: 192.0.2.15","D4 Network Security"
"IPv6","128-bit, hex groups with colons. Exists because IPv4 ran out. IPSec built in","D4 Network Security"
"Private range 1","10.0.0.0/8 — 10.0.0.0 to 10.255.255.255","D4 Network Security"
"Private range 2","172.16.0.0/12 — 172.16 to 172.31 ONLY","D4 Network Security"
"Private range 3","192.168.0.0/16","D4 Network Security"
"The 172 trap","172.15.x.x and 172.32.x.x are PUBLIC","D4 Network Security"
"127.0.0.1","Loopback — this device itself","D4 Network Security"
"169.254.x.x","APIPA — the device self-assigned because DHCP FAILED","D4 Network Security"
"Subnet mask","Defines which part of an address is network and which is host","D4 Network Security"
"Default gateway","The router a device uses for destinations outside its own network","D4 Network Security"
"DHCP","Gives you an IP address, mask, gateway and DNS servers automatically","D4 Network Security"
"DNS","Resolves names → IP addresses","D4 Network Security"
"NAT","Translates private ↔ public addresses. Purpose: address conservation","D4 Network Security"
"NAT's status","NOT a security control and NOT a firewall. Obscurity is a side effect","D4 Network Security"
"DNSSEC","Authenticity and integrity of DNS answers. It signs; it does not encrypt","D4 Network Security"
"Rogue DHCP server","Hands clients a malicious gateway or DNS server","D4 Network Security"
"DNS cache poisoning","Corrupting a resolver so a name points to an attacker's address","D4 Network Security"
"Well-known ports","0–1023","D4 Network Security"
"Registered ports","1024–49151","D4 Network Security"
"Dynamic / ephemeral","49152–65535","D4 Network Security"
"Socket","An IP address and port together — 192.0.2.10:443","D4 Network Security"
"Replace Telnet(23)","With SSH (22)","D4 Network Security"
"Replace FTP(21)","With SFTP (22)","D4 Network Security"
"Replace HTTP(80)","With HTTPS (443)","D4 Network Security"
"Replace LDAP(389)","With LDAPS (636)","D4 Network Security"
"SFTP vs FTPS","SFTP = over SSH, port 22. FTPS = FTP with TLS, 989/990","D4 Network Security"
"Mail direction","SMTP sends. POP3 and IMAP receive","D4 Network Security"
"Script kiddie","Unskilled, uses others' tools. Lowest capability","D4 Network Security"
"Hacktivist","Motivated by a political or social cause","D4 Network Security"
"Organised crime","Motivated by money. High capability, professional","D4 Network Security"
"APT","Well-resourced, persistent, long-term covert access. Usually state-linked. Highest","D4 Network Security"
"Insider threat","Originates from someone with legitimate access","D4 Network Security"
"Insider reality","Most insider incidents are NEGLIGENT, not malicious","D4 Network Security"
"Virus","Attaches to a file. Needs a user to run it","D4 Network Security"
"Worm","Spreads by itself over a network. No user action","D4 Network Security"
"Trojan","Disguised as legitimate software; the user installs it","D4 Network Security"
"Ransomware","Encrypts data and demands payment. An availability attack","D4 Network Security"
"Spyware","Covertly gathers information","D4 Network Security"
"Rootkit","HIDES itself and other malware, often below the OS","D4 Network Security"
"Backdoor","OPENS a concealed route bypassing authentication","D4 Network Security"
"Logic bomb","Malicious code triggered by a condition — a date, an account disabled","D4 Network Security"
"Keylogger","Records keystrokes. Software or hardware","D4 Network Security"
"Botnet","Many compromised hosts under one attacker's control","D4 Network Security"
"Fileless malware","Runs in memory using legitimate system tools","D4 Network Security"
"Zero-day","No patch exists and the vendor does not know","D4 Network Security"
"Unpatched","A fix exists but was not applied. Not the same as zero-day","D4 Network Security"
"Social engineering","Manipulating people rather than technology","D4 Network Security"
"Phishing","Fraudulent email sent broadly","D4 Network Security"
"Spear phishing","Targeted at a specific individual or organisation","D4 Network Security"
"Whaling","Spear phishing aimed at a senior executive","D4 Network Security"
"Vishing","By voice — a phone call","D4 Network Security"
"Smishing","By SMS","D4 Network Security"
"Pretexting","Inventing a scenario to establish false legitimacy","D4 Network Security"
"Baiting","Leaving infected media where someone will use it","D4 Network Security"
"Shoulder surfing","Watching someone enter credentials","D4 Network Security"
"Dumpster diving","Retrieving information from discarded material","D4 Network Security"
"The defence","Security awareness training. The vulnerability is human","D4 Network Security"
"DoS","Making a resource unavailable. One source","D4 Network Security"
"DDoS","The same from many sources. The extra D is Distributed","D4 Network Security"
"SYN flood","Many SYNs, never completing the handshake, filling the half-open table","D4 Network Security"
"Amplification / reflection","Small spoofed requests to services returning far larger replies","D4 Network Security"
"On-path attack","The attacker relays between two parties. ACTIVE. Formerly man-in-the-middle","D4 Network Security"
"Eavesdropping / sniffing","PASSIVE capture. Modifies nothing, hard to detect","D4 Network Security"
"IP spoofing","Forging the source IP address","D4 Network Security"
"MAC spoofing","Forging a hardware address, often to bypass MAC filtering","D4 Network Security"
"ARP spoofing / poisoning","False ARP replies so traffic for the gateway goes to the attacker","D4 Network Security"
"Replay attack","Capturing valid data and re-sending it later. Encryption does not stop it","D4 Network Security"
"Replay defence","Timestamps, sequence numbers, nonces","D4 Network Security"
"Session hijacking","Taking over an already authenticated session with a stolen token","D4 Network Security"
"SQL injection","Database commands in an input field. Attacks the database","D4 Network Security"
"XSS","Script injected into a page, run in other users' browsers","D4 Network Security"
"Command injection","OS commands passed through an application input","D4 Network Security"
"Buffer overflow","Writing more data than the allocated memory holds","D4 Network Security"
"Injection defence","Input validation and parameterised queries","D4 Network Security"
"Brute force","Tries every combination. Defeated by account lockout","D4 Network Security"
"Dictionary attack","Tries a prepared list of likely passwords","D4 Network Security"
"Password spraying","One password across many accounts — to evade lockout","D4 Network Security"
"Credential stuffing","Username/password pairs breached elsewhere. Exploits reuse","D4 Network Security"
"Rainbow table","Precomputed hash lookups. Defeated by salting","D4 Network Security"
"Side-channel attack","Deducing secrets from timing, power draw or emissions","D4 Network Security"
"Privilege escalation","An attacker gaining rights never granted","D4 Network Security"
"Firewall","Permits or denies traffic against a ruleset. Layers 3–4 in the basic model","D4 Network Security"
"Packet-filtering firewall","Examines each packet alone. Stateless","D4 Network Security"
"Stateful firewall","Tracks connections; permits return traffic for sessions you started","D4 Network Security"
"NGFW","Adds application awareness and deeper inspection","D4 Network Security"
"Default deny","Block everything, permit by exception. The expected posture","D4 Network Security"
"IDS","Detects and ALERTS. Out of band, gets a copy. Passive. Detective","D4 Network Security"
"IPS","Detects and BLOCKS. In line, all traffic passes through. Active. Preventive","D4 Network Security"
"NIDS / NIPS","Network-based, monitoring a segment","D4 Network Security"
"HIDS / HIPS","Host-based, monitoring one system","D4 Network Security"
"Signature-based detection","Known patterns. Accurate, cannot catch zero-days","D4 Network Security"
"Anomaly-based detection","Baseline deviation. Catches unknown attacks, more false positives","D4 Network Security"
"False positive","Legitimate activity flagged. Costly — and on an IPS it blocks real traffic","D4 Network Security"
"False negative","A real attack missed. The dangerous error","D4 Network Security"
"Forward proxy","Sits in front of CLIENTS. Filtering, caching, monitoring outbound","D4 Network Security"
"Reverse proxy","Sits in front of SERVERS. Load balancing, TLS termination","D4 Network Security"
"WAF","A reverse proxy filtering HTTP at layer 7, defending web applications","D4 Network Security"
"Segmentation","Dividing the network into controlled zones. Limits LATERAL MOVEMENT","D4 Network Security"
"Flat network","Everything can reach everything. The dangerous default","D4 Network Security"
"Lateral movement","An attacker moving sideways after an initial compromise","D4 Network Security"
"VLAN","A logical segment in switch configuration. VLAN hopping exists","D4 Network Security"
"DMZ / screened subnet","A semi-trusted zone for internet-facing services","D4 Network Security"
"The DMZ rule","The internet may reach the DMZ; the DMZ must NOT freely reach the internal network","D4 Network Security"
"Bastion host","A hardened, deliberately exposed host","D4 Network Security"
"Jump box","A controlled host through which admins reach sensitive segments","D4 Network Security"
"Microsegmentation","Segmentation down to individual workloads","D4 Network Security"
"Air gap","Complete physical isolation. Strongest, still not absolute","D4 Network Security"
"VPN","An encrypted tunnel across an untrusted network","D4 Network Security"
"What a VPN protects","Data in transit between the two endpoints. NOT the endpoints, NOT data at rest","D4 Network Security"
"Site-to-site VPN","Joins two networks. Always on, transparent","D4 Network Security"
"Remote access VPN","Joins one device. User-initiated","D4 Network Security"
"Split tunnelling","Only corporate traffic tunnelled. Faster, bypasses inspection","D4 Network Security"
"Full tunnelling","All traffic tunnelled. More secure","D4 Network Security"
"IPSec","Secures IP traffic at layer 3","D4 Network Security"
"Tunnel mode","Encrypts the whole original packet. Site-to-site","D4 Network Security"
"Transport mode","Encrypts the payload only","D4 Network Security"
"WEP","Broken. Never acceptable","D4 Network Security"
"WPA2","Acceptable, AES-based","D4 Network Security"
"WPA3","Current and strongest","D4 Network Security"
"Evil twin","A rogue AP impersonating a legitimate SSID","D4 Network Security"
"Rogue access point","Any unauthorised access point","D4 Network Security"
"Hidden SSID / MAC filtering","Obscurity, not security. The control is encryption","D4 Network Security"
"IaaS","You manage OS + apps + data. You patch the OS","D4 Network Security"
"PaaS","You manage apps + data","D4 Network Security"
"SaaS","You manage data + access only","D4 Network Security"
"Every model","Data, users and access are always yours. Accountability never transfers","D4 Network Security"
"Public cloud","Shared, open to anyone","D4 Network Security"
"Private cloud","Dedicated to one organisation","D4 Network Security"
"Hybrid cloud","Public and private combined","D4 Network Security"
"Community cloud","Shared by orgs with common requirements. The forgotten one","D4 Network Security"
"Type 1 hypervisor","Bare metal. More efficient and more secure","D4 Network Security"
"Type 2 hypervisor","Runs on a host OS","D4 Network Security"
"VM escape","Breaking out of a guest to reach the hypervisor or other VMs","D4 Network Security"
"Container isolation","Containers share the host kernel → WEAKER than VMs","D4 Network Security"
"Cloud breach cause","Customer misconfiguration — not provider failure","D4 Network Security"
"CASB","A control point enforcing policy between users and cloud services","D4 Network Security"
"Zero trust","""Never trust, always verify."" No trust based on network location","D4 Network Security"
"Zero trust principles","Verify explicitly · least privilege · assume breach","D4 Network Security"
"SLA","Measurable service levels with remedies. Binding","D4 Network Security"
"MOU","A statement of intent. Usually NOT legally binding","D4 Network Security"
"MOA","More formal than an MOU; sets out responsibilities","D4 Network Security"
"MSA","The binding master contract. The umbrella","D4 Network Security"
"SOW","The specific work under an MSA","D4 Network Security"
"NDA","Protects confidential information shared between parties","D4 Network Security"
"Data at rest","Stored — on disk, in a database, on a backup tape","D5 Security Operations"
"Data in transit","Moving across a network. Also data in motion","D5 Security Operations"
"Data in use","Loaded in memory, being processed. The HARDEST to protect","D5 Security Operations"
"Why in use is hard","It must be decrypted to be processed — encryption cannot cover it","D5 Security Operations"
"Data lifecycle","Create → store → use → share → archive → destroy","D5 Security Operations"
"When to classify","At creation — every later decision depends on it","D5 Security Operations"
"Archived data","Still classified data. Cheaper storage does not reduce sensitivity","D5 Security Operations"
"Retention","How long data is kept before disposal","D5 Security Operations"
"Retention reality","Keeping data past its period is a LIABILITY, not an asset","D5 Security Operations"
"Legal hold","Suspends normal destruction for litigation or investigation","D5 Security Operations"
"Remanence","Residual data remaining after an attempt to remove it","D5 Security Operations"
"Deleting","Removes the pointer only. The data remains. Not sanitisation","D5 Security Operations"
"Clearing","Overwriting so ordinary recovery fails. Media reusable","D5 Security Operations"
"Purging","Degaussing or crypto-erase. Resists laboratory recovery","D5 Security Operations"
"Destruction","Shredding, incineration, pulverising. Media unusable","D5 Security Operations"
"Degaussing","Magnetic erasure. Magnetic media ONLY — does nothing to an SSD","D5 Security Operations"
"Crypto-shredding","Destroying the encryption key. The answer for cloud storage","D5 Security Operations"
"SSD sanitisation","Built-in secure erase, crypto-shredding, or physical destruction","D5 Security Operations"
"Data classification","Categorising data by sensitivity so protection is proportionate","D5 Security Operations"
"What sets the level","The IMPACT of disclosure, alteration or loss. Not volume, format or department","D5 Security Operations"
"Data owner","DECIDES classification and access. A BUSINESS role. ACCOUNTABLE","D5 Security Operations"
"Data custodian","IMPLEMENTS protection — storage, backups, permissions. Usually IT. RESPONSIBLE","D5 Security Operations"
"Data steward","Responsible for data quality and meaning within a business area","D5 Security Operations"
"Data user","Accesses the data and follows the handling rules","D5 Security Operations"
"Commercial scheme","Public → Internal → Confidential → Restricted","D5 Security Operations"
"Government scheme","Unclassified → Confidential → Secret → Top Secret","D5 Security Operations"
"How many levels","Fewer is better — three or four. A scheme nobody applies correctly is useless","D5 Security Operations"
"Labelling","Marking data with its classification","D5 Security Operations"
"Handling requirements","What a classification obliges — storage, transmission, disposal","D5 Security Operations"
"Aggregation","Low-sensitivity items combined becoming more sensitive","D5 Security Operations"
"The dataset rule","Takes the level of its most sensitive element, or higher if aggregation raises it","D5 Security Operations"
"The label is a floor","At least that protection; stronger is always fine","D5 Security Operations"
"Reclassification","Changing a label as sensitivity changes. The owner's decision","D5 Security Operations"
"Declassification","Lowering a classification when data is no longer sensitive","D5 Security Operations"
"Plaintext","The readable data before encryption","D5 Security Operations"
"Ciphertext","The unreadable data after encryption","D5 Security Operations"
"Symmetric encryption","ONE shared key, encrypts and decrypts. FAST","D5 Security Operations"
"Symmetric's weakness","KEY DISTRIBUTION — getting the key to the other party safely","D5 Security Operations"
"Asymmetric encryption","A KEY PAIR — public and private. SLOW. Solves key distribution","D5 Security Operations"
"AES","The standard symmetric algorithm","D5 Security Operations"
"RSA","A widely used asymmetric algorithm","D5 Security Operations"
"For confidentiality","Encrypt with the RECIPIENT'S PUBLIC key. Only their private key decrypts","D5 Security Operations"
"For non-repudiation","Sign with YOUR OWN PRIVATE key. Anyone verifies with your public key","D5 Security Operations"
"The rule","Public encrypts, private decrypts. Private signs, public verifies","D5 Security Operations"
"Why","The private key does the thing only you should be able to do","D5 Security Operations"
"Hybrid model","Asymmetric exchanges the session key; symmetric encrypts the traffic. This is TLS","D5 Security Operations"
"Shared symmetric key","Provides NO non-repudiation — either party could have produced it","D5 Security Operations"
"PKI","The system of certificate authorities binding public keys to identities","D5 Security Operations"
"CA","Certificate Authority — verifies identity and issues certificates","D5 Security Operations"
"Digital certificate","Binds a public key to a verified identity","D5 Security Operations"
"CRL","Certificate Revocation List — certificates revoked before expiry","D5 Security Operations"
"OCSP","Real-time check of a single certificate's revocation status","D5 Security Operations"
"Kerckhoffs's principle","Security rests on KEY secrecy, never ALGORITHM secrecy","D5 Security Operations"
"Security through obscurity","Relying on a secret algorithm. Always the wrong answer","D5 Security Operations"
"Key length note","Not comparable across families — 256-bit symmetric ≠ 256-bit asymmetric","D5 Security Operations"
"Hash function","ONE-WAY, no key, fixed-length output from any input","D5 Security Operations"
"Hash / digest","The output of a hash function","D5 Security Operations"
"Purpose","INTEGRITY — and storing passwords","D5 Security Operations"
"Hashing vs encryption","Encryption is reversible with a key. Hashing is one-way with no key","D5 Security Operations"
"Passwords","HASHED, NEVER ENCRYPTED. Encryption's key would recover them all","D5 Security Operations"
"Deterministic","The same input always produces the same hash","D5 Security Operations"
"Avalanche effect","A tiny input change produces a completely different hash","D5 Security Operations"
"Collision","Two different inputs producing the same hash. A weakness","D5 Security Operations"
"Collision resistance","It should be infeasible to find two inputs with the same hash","D5 Security Operations"
"Hashing's control function","DETECTIVE — it detects change, it does not prevent it","D5 Security Operations"
"Salt","Unique random data added per password before hashing","D5 Security Operations"
"What salting defeats","RAINBOW TABLES","D5 Security Operations"
"Salt secrecy","It needs to be unique, not secret. Stored alongside the hash","D5 Security Operations"
"SHA-256 / SHA-2","Current standard","D5 Security Operations"
"MD5","BROKEN by collisions. Not for security","D5 Security Operations"
"SHA-1","BROKEN by collisions. Deprecated","D5 Security Operations"
"Digital signature","A hash encrypted with the signer's private key","D5 Security Operations"
"Signature provides","Integrity + authentication + non-repudiation","D5 Security Operations"
"Signature does NOT provide","CONFIDENTIALITY. A signed message is still readable","D5 Security Operations"
"Checksum","Detects accidental corruption. Not cryptographically strong","D5 Security Operations"
"HMAC","A hash combined with a secret key — integrity and authenticity","D5 Security Operations"
"Hardening","Reducing a system's attack surface by removing and securing","D5 Security Operations"
"Attack surface","The total set of points where an attacker could attempt entry","D5 Security Operations"
"The order","Remove → Disable → Change defaults → Patch → Restrict","D5 Security Operations"
"Least functionality","Only the services and features the SYSTEM requires","D5 Security Operations"
"Least privilege","Only the access the PERSON requires","D5 Security Operations"
"The key sentence","A service that is not running cannot be exploited","D5 Security Operations"
"Default credentials","Built-in usernames and passwords. Publicly documented. Change them","D5 Security Operations"
"Baseline","The defined minimum secure configuration for a class of system","D5 Security Operations"
"Baseline's two jobs","New systems are built from it; existing systems are measured against it","D5 Security Operations"
"Golden image","A hardened, approved build template","D5 Security Operations"
"Configuration drift","Systems gradually diverging from the baseline. Invisible — nothing breaks","D5 Security Operations"
"Patch management","Identify → assess → TEST → deploy → verify","D5 Security Operations"
"Testing patches","Test before production. Untested emergency rollouts cause outages","D5 Security Operations"
"Cannot patch","Segment it — a compensating control","D5 Security Operations"
"Vulnerability scanning","Automated, known issues, broad. DETECTIVE","D5 Security Operations"
"Penetration testing","Human, active exploitation attempts, deep on fewer things","D5 Security Operations"
"Configuration management","Establishing and maintaining the known state of systems","D5 Security Operations"
"Asset inventory","What you have. THE FIRST STEP in securing anything","D5 Security Operations"
"Why inventory first","You cannot protect what you do not know you have","D5 Security Operations"
"Shadow IT","Systems and services in use without IT's or security's knowledge","D5 Security Operations"
"Change control","Request → assess → approve → test → implement → verify and document","D5 Security Operations"
"Backout plan","How to reverse a change. Defined BEFORE approval","D5 Security Operations"
"CAB","Change Advisory Board — reviews and approves significant changes","D5 Security Operations"
"Emergency change","Accelerated approval + retrospective documentation. Not an absent process","D5 Security Operations"
"Unauthorised change","No approval at all. Not the same as an emergency change","D5 Security Operations"
"The incident question","""What changed?"" — the first question in every incident","D5 Security Operations"
"Logging","RECORDING events","D5 Security Operations"
"Monitoring","LOOKING at those records and noticing when something is wrong","D5 Security Operations"
"The gap","Logs nobody reviews detect NOTHING. Both are detective controls","D5 Security Operations"
"Every log entry","WHO · WHAT · WHEN · WHERE · OUTCOME","D5 Security Operations"
"Log failures too","Failed logins reveal brute force and spraying. Attacks start as failures","D5 Security Operations"
"Never log","Passwords, card numbers, personal data. Logs are copied and widely read","D5 Security Operations"
"Centralisation, reason 1","Correlation across sources","D5 Security Operations"
"Centralisation, reason 2","Log integrity — an attacker on the host cannot delete shipped evidence","D5 Security Operations"
"Log protection","Protected from modification including by administrators","D5 Security Operations"
"SIEM","Centralises, correlates and ALERTS on log data","D5 Security Operations"
"Time synchronisation","NTP. A prerequisite for sequencing events across systems","D5 Security Operations"
"Ingress monitoring","Traffic entering — attacks","D5 Security Operations"
"Egress monitoring","Traffic LEAVING — data exfiltration, command and control","D5 Security Operations"
"DLP","Data Loss Prevention — detects or blocks sensitive data leaving","D5 Security Operations"
"Alert fatigue","Too many alerts, especially false positives → analysts dismiss them","D5 Security Operations"
"Alert fatigue remedy","Tune and prioritise. Not more rules","D5 Security Operations"
"The order","POLICY → TRAINING → TECHNICAL CONTROL → MONITORING","D5 Security Operations"
"The BEST first step","For an organisation-wide behaviour problem: the policy","D5 Security Operations"
"AUP","Acceptable Use Policy — what you may do with OUR systems","D5 Security Operations"
"AUP's second job","Establishes that monitoring occurs — which matters legally","D5 Security Operations"
"BYOD","Governs YOUR OWN device used for work. A policy problem first","D5 Security Operations"
"BYOD tension","Remote wipe destroys personal data too","D5 Security Operations"
"Containerisation","Separating work data so it can be wiped alone","D5 Security Operations"
"MDM","Mobile Device Management — the technology enforcing device policy","D5 Security Operations"
"Change management policy","Requires changes to follow a controlled process","D5 Security Operations"
"Privacy policy","How personal data is collected, used, shared and protected","D5 Security Operations"
"Password policy","Administrative. The system setting enforcing it is technical","D5 Security Operations"
"Data retention policy","How long each data type is kept","D5 Security Operations"
"Clean desk policy","Sensitive material secured when unattended. The physical session timeout","D5 Security Operations"
"Every policy needs","Management approval · scope · responsibilities · consequences · review · acknowledgement","D5 Security Operations"
"Unread policy","Not a control. Communication and acknowledgement are part of it","D5 Security Operations"
"Awareness","Keeps security in mind. Everyone, continuous, shallow","D5 Security Operations"
"Training","Teaches specific skills for a role","D5 Security Operations"
"Education","Builds understanding of why. For security professionals","D5 Security Operations"
"Awareness training's classification","ADMINISTRATIVE + PREVENTIVE","D5 Security Operations"
"The social engineering answer","Security awareness training. Human vulnerability, human control","D5 Security Operations"
"Most valuable behaviour","REPORTING — promptly, including one's own mistakes","D5 Security Operations"
"Phishing simulations","TEACH, do not punish. Punishment hides mistakes","D5 Security Operations"
"The metric that matters","Reporting rate, not just click rate. Track the trend","D5 Security Operations"
"Security culture","Secure behaviour is normal; concerns are raised without fear","D5 Security Operations"
